Job Name,Company Name,Salary,Description,Welfare
護理人員(無經驗可),宏恩醫療財團法人宏恩綜合醫院,"年薪480,000~950,000元","手術室護理人員(沒有大夜班)
1.手術室護理工作
2.主管交辦事項
3.一般護理工作事項
4.績效獎金另計
5.加班費依勞基法規範另計
6.薪資待遇從優

病房護理人員(無經驗可)
1. 提供基本的病患基礎醫藥照顧， 如：包紮傷口、換藥等
2. 測量並且記錄病患的生理狀態（如：身高、體重、體溫、血壓、脈搏和呼吸）、進食量、排便狀況等
3. 進行靜脈注射、肌肉注射、打點滴，觀察記錄患者給藥之後的狀況並加以回報
4. 觀察、記錄並回報病人在接受醫療後狀態的改變，特別是一些不尋常的症狀反應，必要時採取救護措施
5. 接聽病患求助電話，並且提供協助
6. 協助病患保持個人衛生、更衣、移動、站立或行走
7. 評估護理情形，在必要時與醫生會診
8. 指導病患居家自我療護，如：解釋醫囑、術前術後衛教，並且提供相關諮詢
9. 與病人及其家屬建立良好之人際關係，以減少不必要的誤會糾紛
10. 督導其他護士及助理的護理工作
11.績效獎金另計
12.加班費依勞基法規範另計
13.薪資待遇從優

麻醉護理師
1、通過麻醉相關訓練且領有證書，並可獨立完成工作
2、執行臨床麻醉護理工作
3、協助麻醉後照護及相關業務
4、協助疼痛控制相關業務
5、其他主管交辦業務
6、加班費依勞基法另計
7、薪資待遇從優

","獎金類： 年節獎金、員工生日禮金、年終獎金、三節獎金、禮品、激勵獎金、績效獎金
保險類： 意外險、員工團保、員工撫恤、員工及眷屬住院慰問金
餐飲類： 伙食津貼
居住類： 員工宿舍、員工購屋低利貸款
交通類： 員工購車低利貸款
設備類： 員工餐廳
娛樂類： 國內旅遊、尾牙
補助類： 員工結婚補助、生育補助、員工國內、外進修補助、員工及眷屬喪葬補助、員工低利貸款、國內、外旅遊補助
其他類： 需穿著員工制服、員工在職教育訓練、良好升遷制度
◆ 保險類
　1.勞保
　2.健保
◆ 設備類
　1.員工宿舍
　2.哺乳室
  3.餐廳
◆ 每年員工旅遊
◆ 每年員工健檢
◆ 員工消費折扣(包括:醫療優待、餐飲)
◆ 喪葬、結婚、生育補助
◆ 住院慰問金
◆員工及其眷屬享有醫療優待"
奇美醫院【總院】健康服務護理師,奇美醫療財團法人奇美醫院,待遇面議,,"福利制度
1、本院制度健全，採行週休二日制度。
2、除勞、健保外，正職員工享有三節禮金、婚喪禮金、眷屬就醫優待、子女教育獎  
      勵、旅遊補助、免費刷卡用餐及員工宿舍，特約廠商購物優待等福利。
3、院內另有許多社團活動，並提供免費運動休閒設施及豐富博物館藝術收藏品以充實員工休閒生活的質與量。
"
門診護理師(可年後上班),天祥醫院(籌備處),"月薪35,000~45,000元","1.一般門診跟診流程業務。
2.主管臨時交辦作業。","本院近年來不斷為提升員工薪資及福利而努力，希望達到全方位關懷員工及留任優秀人才之目的，我們的福利制度有：
※休假制度：享有比照人事行政局給假天數之最優休假制度。
※三節獎金：包括中秋禮金、端午禮金、年終獎金之發放。
※員工生日禮券。
※護理人員每年發予一雙護士鞋。
※員工停車位或停車補助。
※員工婚喪喜慶禮金。
※員工旅遊活動、社團活動辦理。
※健保、勞保、員工及眷屬喪葬補助、員工撫恤。
※員工在職教育訓練、員工國內外進修補助。
※員工冬夏季制服。
※員工及家屬醫療優待。
※年終聚餐與摸彩。
※特約廠商消費優惠。 

天成醫療事業體系為全體員工打造一個安定、關懷、具前景、富挑戰性之工作環境，歡迎具潛力之精英加入我們的行列。 "
居家護理師,豐榮醫院,"月薪40,000~60,000元","1.居家個案之護理照護評估及照護計劃與衛教指導
2.執行居家護理個案管理相關業務及專案計畫。
3.提供個案長期照護資訊及資源轉介。
4.提供基本的病患基礎醫藥照顧， 如：三管換管照護、換藥等。
5.其他交辦事項","◆ 獎金 / 禮品類
　1.年終獎金
　2.三節禮金/禮品
　3.生日禮金/禮品
◆ 保險類
　1.員工團保
　2.意外險
　3.職災保險
    4.壽險
    5.醫療責任險(醫療專業人員)
◆ 休閒類
　1.自強活動
◆ 制度類
　1.員工制服
　2.伙食費
　3.績效獎金
　4.完整的教育訓練
　5.順暢的升遷管道
◆ 設備類
　1.哺乳室
    2.員工宿舍
◆ 請 / 休假制度
　1.週休二日
　2.特休/年假
　3.家庭照顧假
　4.女性同仁生理假/產假/育嬰假
    5.男性同仁陪產假
◆ 其他
　1.年度健康檢查
◆ 補助類
　1.結婚禮金
　2.生育津貼
　3.員工進修補助
"
"時薪高彈性兼職可固定時段,護理部門診區兼職護理人員暨護士助理(保障工時工作單純易上手)",中英醫療社團法人中英醫院,時薪200~300元,"1..門診時間為周一至周五 08:30~12:30 13:30~17:30 17:30~21:30,周六08:30-12:30
2.協助開診醫師診療服務:協助病人掛號看診約診,維持診間看診流程順暢,內部與醫師溝通協調並完成主管交辦事項
3.診間環境整理及一般文書資料處理及建檔歸檔工作  
4.針劑準備及注射,傷口包紮及處置   
5.上級主管、醫師交辦之事宜。

發展遠景：
1.可配合生涯規劃,可固定班別診次,彈性調整工時
2.彈性工時時薪制+專業證照津貼,時薪優渥,長期配合月薪有保障
3.投保勞健保工作有保障,保障上班時數收入穩定","獎金福利：加班費、年節獎金、員工生日禮金、年終獎金
休假福利：隔週休二日、男性員工陪產假、育嬰假、生理假、年假
保險福利：勞保、健保、員工體檢
餐飲福利：誤餐費
衣著福利：員工制服
補助福利：員工結婚補助、生育補助、員工在職教育訓練、員工及眷屬喪葬補助
其他福利：員工團保"
血液透析技術員(需具血液透析證照),天主教靈醫會醫療財團法人羅東聖母醫院,待遇面議,,"◆ 獎金 / 禮品類
1.年終獎金 2.三節禮金 3.生日禮金(不含部份工時人員)
◆ 保險類
1.勞保 2.健保 3.員工團保 4.意外險5.職災保險
◆ 休閒類
1.國內旅遊2.國外旅遊3.部門聚餐4.社團活動
◆ 制度類
1.員工制服2.伙食費3.績效獎金4.完整的教育訓練5.順暢的升遷管道
◆ 設備類
1.員工宿舍2.員工餐廳3.圖書館
◆ 請 / 休假制度
1.特休/年假
◆ 其他
1.員工購物優惠2.員工停車位3.特殊單位配發公務機4.特約商店
◆ 補助類
1.結婚禮金2.生育津貼3.員工進修補助4.子女教育獎助學金5.旅遊補助"
產房助產師,林新醫療社團法人林新醫院,"月薪38,000~40,000元","1.具護理師證書、助產師或助產士證書
2.具產房或相關單位臨床工作經驗尤佳
3.需配合輪夜班","●獎金類
1.年終獎金。2.節慶禮金。
●保險類
1.勞保。2.健保。3.員工團體保險/職災保險。
●休閒類
1.員工國內旅遊。2.社團活動。
●制度類
1.醫護/技人員制服。2.伙食津貼。3.績效獎金。4.完整的教育訓練。
●年度活動
1.忘年會。2.院慶。3.動員大會。
●設備類
1.員工宿舍。2.員工餐廳。3.圖書館。4.點心咖啡區。
●優惠類
1.員工及眷屬醫療優待。2.健康檢查。3.特約商店折扣。
●補助類
退職金提撥。
**以上福利為全職員工**"
約用護理師(護理之家),國立陽明交通大學附設醫院,"月薪47,200~49,600元","一、應徵資格
(1)學歷：專科(含)以上護理科系畢業
(2)經歷：具臨床護理工作1年以上尤佳
(3)證書：具護士或護理師證書

二、平均月薪
正式任用起薪(含績效)/月  47,200~49,600元

三、夜班津貼	
1.小夜班400元/天，當月包班大於（含）15天以上，600元/天。
2.大夜班700元/天，當月包班大於（含）15天以上，900元/天。

四、其他	
★通過試用期可申請工作年資提敘
★團體績效獎金
★職級進階津貼(N1-N4 500~2500)
★推薦人獎金
★年終獎金

五、早鳥獎金
   具護理師證書應屆畢業生於6~8月報到者，可領取20,000~10,000
   元早鳥獎金。(未具證書應屆畢業生獎金折半)

六、教育訓練及進修鼓勵
 1.依據業務需要提供公假公費參與教育訓練與繼續教育。
 2.攻讀與職務相關之碩博士學歷，每週提供4~8小時公假進修。
 3.實習護士提供公假考試。

七、有制度晉升公職護理人員、約用資深護理師、兼任約用護理長

八、請至https://hrp.hosp.nycu.edu.tw註冊履歷，路徑：人才招募/註冊登入(右上角，依操作說明完成帳戶申請)/院聘人員/點選職缺/我要應徵。


【本院簡介】
1.為宜蘭地區唯一國立大學附設醫院，與國立陽明交通大學共享教育研究資源，目前為區域教學醫院，配合新建二期工程，朝(準)醫學中心邁進。 
2.本院位於宜蘭市中心，生活機能便利及交通發達：
(1)食：
蘭陽院區：院內設有全家便利商店，正門旁設有萊爾富便利商店、清心福全飲料、85°C咖啡蛋糕店、全聯超市、喜互惠超市
新民院區：正門旁設有全家、7-11便利商店，遴近中山路(美食商店林立)、南館傳統市場、喜互惠超市
(2)衣：醫護人員依本院規定提供制服
(3)住：醫護人員、未設籍宜蘭縣者，依本院規定申請宿舍
(4)行：
●本院設有汽車、機車停車場，員工享有優惠
●二院區備有接駁車(每小時一班)，免費搭乘
●宜蘭轉運站(蘭陽院區正門對面步行2分鍾)
●台鐵車站-宜蘭站(蘭陽院區正門對面步行5分鍾)
●宜蘭勁好行公車(正門即可搭陳-751/752/753/755/772/772A/791/793/795)
(5)育：
●新民院區：本院圖書館，與陽明交通大學附設醫院共享圖書資源
●蘭陽院區：鄰近宜蘭市立圖書館(位於側門出口)
●本院全新托嬰中心，另鄰近黎明國小、宜蘭國小、中山國小、中華國中、復興國中
(6)樂：宜蘭夜市、新月百貨廣場、家樂福賣場、爾本購物廣場","詳見https://www.hosp.nycu.edu.tw/index/recruitment/welfare.html

●進修：國內外進修及考察(依業務需求)、提供部分工時在職進修學位、院內各類在職教育訓練課程
●獎金：績效獎金、年終考核獎金(1~1.5個月)、員工生日禮劵
●給假：年休假、婚假、產假、喪假、資深員工留停休息2個月
●團康：員工旅遊活動、忘年會(尾牙)、員工羽球社團、球類競賽
●宿舍：提供員工宿舍、新建二期院區配置全新員工宿舍
●設備：兩院區接駁車、圖書館(與陽明交通大學圖書館共享圖書資源 )、哺乳室
●福利：設有員工停車場、員工健檢、特約商店、員工及眷屬就醫優待、特約托嬰中心及幼兒園；全新托嬰中心"
行政-社區暨長照服務部-出院準備管理師,佛教慈濟醫療財團法人台北慈濟醫院,"月薪36,010~45,310元","【資格要求】
(一)大學畢業，具護理師執照。
(二)臨床內外工作經驗二年以上。
(三)需具長照醫事人員專業課程訓練LEVEL 1 訓練證明。
(四)具備基本電腦文書處理能力word、excel、power point。
(五)具服務熱忱、態度積極正向，善於人際溝通與協調。  
【工作職責】
(一)能執行出院準備工作，轉介機構個案之電訪與追蹤機構轉介回覆單回覆情形。
(二)訪視與執行出院準備服務個案複篩與收案。
(三)與病房護理人員、團隊成員、個案及家屬共同討論，擬定個案的照護計畫 ，並適時追蹤與修正。
(四) 修訂相關出院準備服務流程、表單與協助單位制定臨床路徑。
（五）協助單位控管 DRG 個案之住院日數。
(六)評估院內個案長照需求評估並銜接長照服務計畫。
(七)熟悉長照資源運用及轉介。
【性質類別】
工作性質:全職。
管理責任:不需負擔管理責任。

","◆ 獎金 / 禮品類
1.三節禮金/禮品 2.生日禮金/禮品 3.結婚禮金
◆ 保險類
1.勞保、健保、勞退 2.團體意外險 3.醫師責任險
◆ 制度類
1.績效獎金 2.員工提案獎金 3.完整的教育訓練
4.順暢的升遷管道 5.著作獎勵 6.派外受訓 7.在職進修
◆ 設備類
1.員工宿舍 2.員工餐廳 3.圖書館
◆ 請 / 休假制度 依法令提供相關假別
◆ 其他福利事項
1.員工餐廳、2.員工制服、3.員工購物優惠、特約商店、4.寬敞之宿舍(需符合申請條件)、5.社團活動(需符合申請條件)、6.員工旅遊(需符合申請條件)、7.健康檢查(需符合申請條件)、8.眷屬就醫優待(需符合申請條件)、9.子女就學獎助(需符合申請條件)、10.本院為無菸政策醫院，為維護同仁健康，院區內一律禁菸。"
門診護理人員,大里仁愛醫院_仁愛醫療財團法人,"月薪33,000~36,000元","1.門診護理臨床工作
2.衛教諮詢
3.協助民眾就診.打針.換藥.疫苗注射等醫療處
4.需具護理師執照","1.員工暨眷屬之特定項目醫療費用優待
2.勞健保、職災保險、團體保險
3.各類社團活動
4.國內旅遊
5.節日禮金
6.定期健康檢查
7.提供圖書借閱/電腦教室/臨床技能中心等現代化設施 
8.員工制服補助
9.提供員工宿舍及費用補助
10.依節慶舉辦各類活動：忘年會、院慶活動
11.週休二日"
病房護理人員,惠德醫院,"月薪32,000~50,000元",病房護理作業執行病患照護,"勞保、健保、女性員工產檢假、男性員工陪產假、年假、員工體檢、勞退提撥金、職災保險、哺乳室
獎 金 類：年節獎金、年終獎金、生日禮金
保 險 類：勞健保、員工團保
娛 樂 類：自強活動、國內旅遊、員工定期聚餐、尾牙
其 　他：員工在職教育訓練
設有福委會"
護理之家護理人員,惠德醫院,"月薪32,000~47,000元","1.照顧病患、提供一般健康檢查包括打針、協助服藥與衛生教育等護理臨床工作 

2.記錄病患用藥記錄和各種病徵 

3.輔助與安撫病患在治療過程中所產生心理上的不適，給予病患和家屬情感上適時援助","勞保、健保、女性員工產檢假、男性員工陪產假、年假、員工體檢、勞退提撥金、職災保險、哺乳室
獎 金 類：年節獎金、年終獎金、生日禮金
保 險 類：勞健保、員工團保
娛 樂 類：自強活動、國內旅遊、員工定期聚餐、尾牙
其 　他：員工在職教育訓練
設有福委會"
[研究]神經醫學部/失智個案管理師(研究助理),醫療財團法人徐元智先生醫藥基金會亞東紀念醫院,"月薪34,000~39,000元","1.	失智個案衛教、管理、追蹤。
2.	承接相關計畫之核銷、活動規劃執行事宜。
3.	承辦主管臨時交辦事項。","依照勞基法辦理。本院福利齊全，設有員工福利委員會；除勞保健保外,本院專任全職員工另有員工眷屬醫療優待、員工及眷屬喪葬補助、社團及旅遊活動、退休制度、特別休假、撫卹辦法、團體意外保險、防癌保險、三節及生日禮金、員工餐廳、誤餐費、員工制服、員工結婚補助、子女教育補助、在職教育訓練、員工國內(外)進修補助等。"
健檢護理師,馨蕙馨醫院,"月薪32,000~40,000元",從事健檢中心護理師或個管師工作，包括：接待、體檢流程說明身高體重、視力眼壓、心電圖、繕打報告、異常電話追蹤、恢復室照護、抽血、協助醫師身體檢查等相關工作。,"1.獎金福利 - 三節禮金、生日禮金、結婚禮金、生育禮金、年終獎金、生產獎金.
2.保險規劃 - 依法投保勞健保、提撥勞退金，並享團體保險保障.
3.員工(眷)補助 - 員工掛號與住院折扣、眷屬就醫優惠 .
4.其他福利 -員工制服、員工撫恤金、特約商店、五星級工作環境、員工年度體檢、春酒、國內外員工旅遊 ."
約用護理師2名(腎臟內科個管師),新北市立聯合醫院,"年薪600,000元以上","約用護理師(腎臟內科)
學　　歷：護理相關專科以上畢業。
證　　照：護理師證書。
工作經歷：具臨床工作經驗尤佳。
工作內容：
1.資料登錄、衛教諮詢。
2.照護品質指標收集、登錄、統計及分析。
工作時間：日班
工作地點：本院三重/板橋院區
工作待遇：視所具資格條件依本院薪資表敘薪
工作薪資：年薪600,000元起(含年終獎金、獎勵金視醫院營運狀況而定)
備　　註：1.合者擇優約談，不合者恕不通知及退件。
　　　　　2.本院為無菸、無檳醫院，無吸菸、嚼檳榔習慣者酌予加分。",有獎勵金制度、生日禮金、依單位屬性穿著員工制服及提供專業證照加給　　　　　　　　　　
牙科部-護理師,阮綜合醫療社團法人阮綜合醫院,"月薪32,000~36,500元","1、協助牙醫師臨床療診、植牙抽血。
2、患者口腔衛教與約診。
3、牙科器械消毒、滅菌作業。
4、診間環境清潔與消毒。
5、大學以上護理科系畢業，具護理師/護士執照。","福利制度
◆休假制度：
非醫師人員依勞基法實施，採四週變形工時按單位特性排休；特別休假依勞基法規定給予。
◆保險類：
勞保、健保、勞工退休金、團體保險。
◆制度類：
提供員工制服、員工提案獎金、完整的教育訓練。
◆職場友善措施：
圖書館、哺乳室、員工停車場、員工宿舍。
◆健康促進活動：
每年員工健康檢查、員工減重比賽、健康講座、健康促進運動課程、員工社團補助、員工舒壓課程。
◆獎金：
年終獎金、節慶獎金(端午節/中秋節)、春節出勤紅包、特殊單位簽約金、特殊單位績效獎金、特殊單位推薦獎金、進階獎金、年資加給。
◆優惠補助：
在職員工及眷屬就醫優待、退休員工就醫優待、結婚禮金、生育津貼、喪葬奠儀、旅遊補助、員工購物優惠、特約商店優惠、停車獎勵金、在職進修補助。
◆員工出差或派訓：
出差住宿補助、學術論文發表補助。
◆員工團體活動：
尾牙活動和抽獎、不定期電影賞析活動。
◆早鳥方案(護理/藥師)：
護理及藥劑科應屆畢業生持有證照者於5月～8月前至本院就職，另有獎勵方案。"
牙科部-助理員,阮綜合醫療社團法人阮綜合醫院,"月薪28,590~30,000元","1. 診間環境清潔與消毒。
2. 牙科器械消毒、滅菌作業。
3. 輔助醫師執行臨床診療。
4. 術後衛教指導。
5.有完整教育訓練制度，無經驗可，具護理背景尤佳。
6.具有牙醫師全聯會助理認證合格證書者佳。","福利制度
◆休假制度：
非醫師人員依勞基法實施，採四週變形工時按單位特性排休；特別休假依勞基法規定給予。
◆保險類：
勞保、健保、勞工退休金、團體保險。
◆制度類：
提供員工制服、員工提案獎金、完整的教育訓練。
◆職場友善措施：
圖書館、哺乳室、員工停車場、員工宿舍。
◆健康促進活動：
每年員工健康檢查、員工減重比賽、健康講座、健康促進運動課程、員工社團補助、員工舒壓課程。
◆獎金：
年終獎金、節慶獎金(端午節/中秋節)、春節出勤紅包、特殊單位簽約金、特殊單位績效獎金、特殊單位推薦獎金、進階獎金、年資加給。
◆優惠補助：
在職員工及眷屬就醫優待、退休員工就醫優待、結婚禮金、生育津貼、喪葬奠儀、旅遊補助、員工購物優惠、特約商店優惠、停車獎勵金、在職進修補助。
◆員工出差或派訓：
出差住宿補助、學術論文發表補助。
◆員工團體活動：
尾牙活動和抽獎、不定期電影賞析活動。
◆早鳥方案(護理/藥師)：
護理及藥劑科應屆畢業生持有證照者於5月～8月前至本院就職，另有獎勵方案。"
護理部-護理師(腹膜透析室) (員林基督教醫院),彰化基督教醫療財團法人彰化基督教醫院,"月薪35,000~43,100元","1.工作內容說明：
(1).工作內容：
A.末期腎臟病前期(PRE-ESRD)暨初期慢性腎臟病(early CKD)病人之個案衛教、追蹤、統計分析。
B.健保VPN申報。
C.舉辦門診團衛及相關衛教活動。
D.其他依工作說明書需配合事項或主管交辦事項。
(2).薪資：依制度敘薪，調薪連結績效考核制度。
(3).完整又多元專業訓練：
A.在職教育課程(單位教育訓練、院內外專業課程/研習會、數位學習網)。
B.跨單位交叉培訓。
C.本院為彰基體系分院，新人有”學習手冊”，逐步學習，完成手冊，就可以獨立上線，執行工作。
D.全院性課程：新人訓練、病人安全、感控、退修會、週會禮拜、父母成長團體等多元化豐富課程。【假別依照醫院規範】
E.鼓勵人員加入專業學會，讓專業更成長。
(4).晉升機制：依護理部晉升辦法遴選。
(5).主管領導：
A.人性化管理。
B.專業能力導向。
C.重視良性溝通/友善工作環境。
(6).福利事項：
A.三節獎金(中秋節、端午節、年終)。
B.福利補助金項目：結婚、生育、住院、喪葬、員工旅遊。
C.醫療優待：彰基全體系【對象：配偶、子女、父母、公婆、岳父母】。
D.其他：運動會、生日福利券、免費生日體檢、員工福利社購物85折…等。
E.嶄新員工宿舍(鄰近員林火車站，生活機能方便，2F是健身房，1F是7-11)。
(7).排班：白班為原則。
(8).本院為智慧醫院、設備新穎、醫療工作環境舒適、交通便利、美好發展前景，值得您投入，一起為南彰化鄉親服務。
2.其他限制條件：
(1).具護理師證書，N2以上，至少3年以上臨床經驗。
(2).具有腹膜透析、CKD臨床工作者尤佳，或有PD、CKD訓練課程證明為佳。
(3).具團體衛教經驗者、擅於溝通、協調者尤佳。
(4).熟Word、Excel、 Power Point電腦操作能力。","彰化基督教醫院獎金與福利措施 
一、獎金：
1.年節獎金：端午節獎金、中秋節獎金、年終獎金
2.彰基精神獎金：鼓勵服務社區、弱勢團體獎金
3.醫療品質獎金

二、休假福利：
1.依勞基法之法定給假，例假、國定假、特休假...等
2.旅遊假
3.颱風假
4.180天的有薪病假

三、保險福利：
1.勞工保險
2.全民健保
3.團體保險：本院員工及配偶皆享有免費團保(壽險、意外險、癌症保險)

四、醫療福利：
1.本院員工之配偶、父母、子女、配偶之父母均可享有本院的醫療優待
2.退休後員工及其配偶享有終生醫療優待

五、祝賀金福利：
1.生日祝賀金 
2.生育祝賀金
3.結婚祝賀金
4.節慶慰勞

六、家庭照顧福利：
1.急難救助金
2.員工家庭照顧假七天
3.互助金
4.喪葬慰問金
5.子女教育補助
6.住院慰問金

七、其他福利：
1.專業社團
2.圖書借閱
3.旅遊補助
4.員工宿舍
5.備交通車、員工停車場
6.員工餐廳
7.購物福利：員工福利社購物85折"
眼科技術師,戴德森醫療財團法人嘉義基督教醫院,"月薪29,700~36,200元","招募條件：
1.專科以上護理系畢業具護理師執照2.具眼科臨床工作經驗尤佳
工作內容：
1.負責眼科臨床檢查業務及門診跟診。
2.負責執行眼科特殊檢查室檢查業務。
3.協助門診醫師進行診療。
4.負責醫護諮詢，依情況提供適當護理及眼科臨床衛教指導，加強自費業務之拓展。
5.悉眼科各項相關儀器正確使用。
6.協助提供病人安全、舒適的醫療環境。
工作待遇：專科應屆畢業無經驗者29700元起薪-36200元
","★獎金｜依醫院規範辦理。
★其他補助｜生日禮卷(依福委會規範辦理)。
★休假｜依勞基法規定。
★退休金｜依勞工退休金條例規定。
★伙食｜員工餐廳用餐優待。
★員工旅遊｜國內外旅遊經費補助。
★住宿｜對於需輪班而有住宿需求之員工，提供設施完善之宿舍 ( 需負擔水電費用) 。
★幼兒園｜設置幼兒園及托嬰中心，免除員工奔波接送幼兒的困擾與後顧之憂。
★醫療優待｜本院員工及其眷屬至本院就醫可享有醫療優待。
★停車場｜備有員工汽機車停車場。
★商店優惠｜院內福利社、 便利商店、美食街或院外特約商店，購買皆提供員工折扣優待。
★運動設施｜設置室內籃球場、羽球場、桌球室、舞蹈教室以供運動健身。
★社團活動｜本院現有籃球社、羽球社、桌球社、益智社、自然遊藝社、魔術社、熱音社、烏克麗麗社、舞蹈社、walker社、愛心童玩社、養生太極拳社、單車漫遊社，豐富休閒娛樂生活。
"
門診護理師(福苗),大千綜合醫院,"月薪30,000~33,000元","1.協助門診診療，並維持診間秩序。
2.準備門診診前作業(病歷資料、儀器醫材、環境設備等)。
3.於門診依醫囑執行各項處置、護理技術，提供護理指導。
4.處理門診線上問題、臨時急狀況。

制度規範
1.上班時間星期一至星期五  08:00-22:00；星期六  08:00-12:00(輪值)。
2.須配合排班。","●福利制度
－依法提撥勞工退休金至個人帳戶
－免費團體保險(保障含定期壽險、意外險、意外醫療險)
－提供年終績效獎金、端午節禮金、中秋節禮金、生日禮金
－補助員工旅遊、宿舍、伙食費、制服費
－提供社團活動
－補助教育訓練費用及公假、輔導應屆畢業學生專業執照考試
－提供完整的升遷及進階制度
***以上為正職員工福利***

●教育進修
  －完善教育訓練制度，明確的晉升制度，並與各大院校規劃產學合作課程，積極推動員工在職進修
  －院內使用數位學習平台，推展學習型組織，讓員工隨時上線學習
  －訓練公假及公費補助

●豐富的學術資源
  －與中山醫學大學、元培科技大學產學合作，鼓勵同仁結合學術資源，參與學術計劃
  －大千圖書館由專人服務，提供免費資料庫搜尋，協助研究、教材資料彙整

●資訊化管理
  －結合先進資訊系統，發展電子公文、知識管理系統與主管決策系統(BIKM)，數位管理模式加速管理績效


其他重要提醒：錄取人員須完成COVID-19疫苗二劑14天以上或3 日內抗原快篩 (含家用快篩)或PCR 檢驗陰性證明。"
社工師/護理師(社區長照機構/業務負責人)-依學經歷敘薪，績效獎勵金另計,國立陽明交通大學附設醫院,待遇面議,"（一）社工師
1.失智症個案日照工作、團體活動與個別化活動、教案設計
2.申請計劃案、個案諮商、心理暨社會評估及個案適應輔導或支持措施
3.個案諮詢服務管理與追蹤，依個案及照顧者需求擬訂處遇計畫，並連結相關資源與協助轉介
4.照顧者心理協談、照顧者訓練課程、紓壓活動、照顧者支持活動等
5.服務活動、日程規劃與搭配，及相關外展活動辦理
6.社區(正式與非正式)資源連結
7.志願服務人力管理
8.其他主管交辦事項
(二)護理師
1.規劃及執行年度計畫。
2.綜理日照中心各項業務、品質管理、定期檢討及改善。
3.單位危機預防和管理，緊急狀況處理和通報。
4.工作人員考核，教育訓練。
5.長輩及家屬申訴處理。
6.執行主管臨時交辦事項。
7.失智症個案日照工作、團體活動與個別化活動、教案設計
8.個案諮詢服務管理與追蹤，並連結相關資源與協助轉介

【一、資格條件】
(面試時攜帶(1)學歷、(2)相關專業證書、(3)相關工作經歷等資料正本核驗，email履歷時同時附上以上資料掃瞄檔至1360p@hosp.nycu.edu.tw)


（一）約用社工師：
1.證書：領有社會工作師證照。(未提供者，視同缺件)
2.學歷：(未提供者，視同缺件)
(1)大學以上社工相關科系畢，自40970元起敘，依學經歷敘薪，績效獎勵金另計
3.經歷：具社工工作2年以上(需提具證明，未提供者，視同缺件)。
（二）約用護理師： 
1.學歷：專科(含)以上護理科系畢業 (未提供者，視同缺件)，薪資自39500元起敘，依學經歷敘薪，績效獎勵金另計
2.經歷：具護理臨床工作2年以上(需提具證明，未提供者，視同缺件)。 
3.證書：護理師證書(未提供者，視同缺件)

【二、注意事項】  
(一)應徵方式：(本職缺收到履歷後會隨即時安排面試，故職缺數會隨錄取數異動，職缺補滿即截止公告履歷收件)  
1.登入存檔成功，系統自動發送履歷應徵(請於自傳內註明-「社工師/護理師(社區長照機構/業務負責人)」
2.登入步驟：https://www.hosp.nycu.edu.tw/index/recruitment/recruit.html-＞我要應徵(畫面右方)-＞填寫線上履歷(應徵)-＞招募職缺應徵(畫面上方)-＞點選職缺-＞我要應徵(畫面右方)-＞存檔成功-＞履歷送件。
3.如遇系統無法使用，請使用本院約用人員資績簡述表word檔（下載路徑：上述連結網址-＞資料下載-＞約用人員簡述表），檔名為「○○○(姓名)應徵-社工師/護理師(社區長照機構/業務負責人)」。
4.無法登入系統履歷或email者，亦可掛號郵寄書面資料至國立陽明交通大學附設醫院人事室林小姐收。
(二)列入候選名單者，由本院擇優通知面試，錄取人員以電話通知。
(三)應徵所報資料與事實不符者，應予撤銷錄用資格，並由本院依規定圈定其他候選人員。本院得自甄選結果確定之次日起三個月內，商洽備取人員遞補本職缺或職務列等相同、性質相近之職缺。
(四)錄取人員接獲本院人事室通知報到當日，應向本院職業安全衛生室繳交體檢表，未繳交者視為放棄錄用資格。但經本院事先同意者，得延長之。體檢報告經本院審查不合格者，不予錄取。審查合格者，應依本院人事室通知日期準時報到，無故逾期未報到者，視為放棄錄用資格。
1.體格檢查及任用規定
一般體格檢查：依職業安全衛生法第20、21條及勞工健康保護規則規定， 本院新進人員於錄取通知後，應至指定之醫療機構辦理體格檢查並報到時繳送體格檢查表，體格檢查不合格或未於規定時間內繳送體格檢查表者，不得辦理報到，必要時得經指定之醫療機構辦理體格複檢，不合格者則廢止錄取資格。
2.本院新進人員，有下列情形之一者，為體格檢查不合格：
a.具勞工健康保護規則附表十一考量不適合從事作業之疾病，經本院職業醫學專科醫師診斷確實不適合從事所應徵之工作。
b.其他疾病，無法治癒，經本院職業醫學專科醫師診斷不堪勝任職務，得由本院決定任用或其調換工作。
c.如為身心障礙進用者，不受上述限制之規定。

【本院簡介】
1.為宜蘭地區唯一國立大學附設醫院，與國立陽明交通大學共享教育研究資源，目前為區域教學醫院，配合新建二期工程，朝(準)醫學中心邁進。 
2.本院位於宜蘭市中心，生活機能便利及交通發達：
(1)食：
蘭陽院區：院內設有全家便利商店，正門旁設有萊爾富便利商店、清心福全飲料、85°C咖啡蛋糕店、全聯超市、喜互惠超市
新民院區：正門旁設有全家、7-11便利商店，遴近中山路(美食商店林立)、南館傳統市場、喜互惠超市
(2)衣：醫護人員依本院規定提供制服
(3)住：醫護人員、未設籍宜蘭縣者，依本院規定申請宿舍
(4)行：
●本院設有汽車、機車停車場，員工享有優惠
●二院區備有接駁車(每小時一班)，免費搭乘
●宜蘭轉運站(蘭陽院區正門對面步行2分鍾)
●台鐵車站-宜蘭站(蘭陽院區正門對面步行5分鍾)
●宜蘭勁好行公車(正門即可搭陳-751/752/753/755/772/772A/791/793/795)
(5)育：
●新民院區：本院圖書館，與陽明交通大學附設醫院共享圖書資源
●蘭陽院區：鄰近宜蘭市立圖書館(位於側門出口)
●本院全新托嬰中心，另鄰近黎明國小、宜蘭國小、中山國小、中華國中、復興國中
(6)樂：宜蘭夜市、新月百貨廣場、家樂福賣場、爾本購物廣場","詳見https://www.hosp.nycu.edu.tw/index/recruitment/welfare.html

●進修：國內外進修及考察(依業務需求)、提供部分工時在職進修學位、院內各類在職教育訓練課程
●獎金：績效獎金、年終考核獎金(1~1.5個月)、員工生日禮劵
●給假：年休假、婚假、產假、喪假、資深員工留停休息2個月
●團康：員工旅遊活動、忘年會(尾牙)、員工羽球社團、球類競賽
●宿舍：提供員工宿舍、新建二期院區配置全新員工宿舍
●設備：兩院區接駁車、圖書館(與陽明交通大學圖書館共享圖書資源 )、哺乳室
●福利：設有員工停車場、員工健檢、特約商店、員工及眷屬就醫優待、特約托嬰中心及幼兒園；全新托嬰中心"
【職業安全衛生室】職業安全衛生護理師,衛生福利部雙和醫院(委託臺北醫學大學興建經營),"月薪39,400元以上","1. 依勞工健康保謢規則及職業安全衛生相關法規事項執行。
2. 執行四大計劃(工作異常負荷､母性保護､人因工程､不法侵害)推動及追蹤管理。
3. 新進體格檢查、在職健康檢查，檢查結果之分析與評估、健康管理及資料保存。
4. 勞工之健康教育、衛生指導、身心健康保護、健康促進等措施之策劃及實施。
5. 協助雇主與職業安全衛生人員實施工作相關疾病預防及工作環境之改善。
6. 準備醫院評鑑及查核資料。
7. 其他主管交辦事項。

其他條件
1. 勞工健康服務護理人員訓練結業證書。
2. 具跨單位溝通協調能力，工作態度積極、負責、能獨立作業且抗壓性高。","◆ 獎金/禮品類【依院方公告為準】
1.年終獎金 2.三節禮金 3.勞動節禮金 4.生日禮金 5. 績效獎金 6. 員工提案獎金 7.專業證照獎金
◆ 保險類
1.員工團保 2.職災保險
◆ 休閒類
1.國內旅遊 2.國外旅遊 3.社團活動 4.多元化課程
◆ 制度類
1.員工制服 2.伙食津貼 3.完整的教育訓練 4.順暢的升遷管道 
◆ 設備類
1.員工宿舍 2.接駁車 3.員工餐廳 4.圖書館 5.哺乳室 6.幸福空間 7.健身房
◆ 請 / 休假制度
1.特休 2.婚假 3.陪產假 4.家庭照顧假 5.女性同仁生理假 6.同仁育嬰假 7.健康促進假
◆ 其他
1.員工停車位 2.健康檢查 3.特約商店 4.內部講師鐘點費 5.特約托育中心
◆ 補助類
1.結婚補助 2.生育津貼 3.社團補助 4.員工進修補助 5.員工教育獎助學金 6.旅遊補助 7.住院補助 8.退休金提撥"
失智症個案管理師,大千綜合醫院,"月薪36,000~40,000元","1.執行衛教、收案、電訪追蹤、關懷之管理業務。
2.各項品質指標監測與改善業務。
3.參與相關業務之會議與活動。

","●福利制度
－依法提撥勞工退休金至個人帳戶
－免費團體保險(保障含定期壽險、意外險、意外醫療險)
－提供年終績效獎金、端午節禮金、中秋節禮金、生日禮金
－補助員工旅遊、宿舍、伙食費、制服費
－提供社團活動
－補助教育訓練費用及公假、輔導應屆畢業學生專業執照考試
－提供完整的升遷及進階制度
***以上為正職員工福利***

●教育進修
  －完善教育訓練制度，明確的晉升制度，並與各大院校規劃產學合作課程，積極推動員工在職進修
  －院內使用數位學習平台，推展學習型組織，讓員工隨時上線學習
  －訓練公假及公費補助

●豐富的學術資源
  －與中山醫學大學、元培科技大學產學合作，鼓勵同仁結合學術資源，參與學術計劃
  －大千圖書館由專人服務，提供免費資料庫搜尋，協助研究、教材資料彙整

●資訊化管理
  －結合先進資訊系統，發展電子公文、知識管理系統與主管決策系統(BIKM)，數位管理模式加速管理績效


其他重要提醒：錄取人員須完成COVID-19疫苗二劑14天以上或3 日內抗原快篩 (含家用快篩)或PCR 檢驗陰性證明。"
院聘護理師_職務代理人(健康管理中心),國立臺灣大學醫學院附設醫院_人事室,"月薪46,500元以上","1、	各項健檢項目的執行及協助。
2、	顧客關係管理及預約排程規劃與追蹤服務。
3、	協助儀器操作、清洗、消毒與保養事宜。
4、	其他臨時交辦事項。
＊本職務係人員留職停薪期間職務代理人，約用期間自報到日起分別至114年7月3日及114年10月21日 (如留職停薪原因提前消失，則職務代理人應自消失之日起終止契約) 。","專任員工一般福利：
年終獎金、三節獎金、生日及節令禮物、就醫優待、免費健康檢查、健行及社團活動、望年會補助、員工停車位、醫護人員宿舍(輪值三班者)、幼兒園(附設安親班)、商場折扣優惠、因公傷病醫療優免及費用補助

專任員工創新福利：
休假旅遊補助、考核獎金、免費心理諮商服務、員工健康諮詢服務、優於勞基法之事病假給薪規定"
身心科3B病房護理師【加碼！！簽約獎金最高18萬】,佛教慈濟醫療財團法人台中慈濟醫院,"月薪38,000~80,000元","1.具護理師證書 
2.專科(含)以上學歷 
3.區域教學醫院內外科病房經驗2年或急重症病房經驗1年(優先錄取)
4.對身心科照護有熱枕","保險福利
勞保，健保，員工團體保險

其他福利(須符合申請條件)
1.車資補助
2.員工意外險
3.員工制服
4.教育訓練
5.三節禮金
6.婚喪補助金
7.員工宿舍
8.生日禮金

注意！本區全部福利項目可能依不同職缺有所不同，實際職缺福利請依面試時與公司面談結果為準"
門診。病房。開刀房護理師,謝外科醫院,"月薪33,000~35,000元","全職

1.協助醫師門診作業及檢查及電腦輸入等護理相關事務 。 
2.執行醫療及護理工作。 
3.疾病護理相關衛教說明。 
4.協助病房臨床護理照護工作。 
5.參與病人手術全期照護,在醫師指示之下協助處理醫療及護理工作。
6.評鑑相關書面處理。

需配合排班 (門診、病房、開刀房)
專科工作單純、準時上下班","法定項目：
勞保、健保、職災保險

福利制度：
獎金類： 年終獎金、三節獎金、績效獎金
保險類： 員工團保
餐飲類： 伙食津貼
居住類： 員工宿舍
設備類： 員工餐廳
娛樂類： 國內旅遊、尾牙
補助類： 員工國內、外進修補助
其他類： 員工在職教育訓練"
麻醉護理師,茂盛醫院,"月薪50,000~60,000元","具備條件&證照：
1. 專科以上護理系或相關科系畢業
2. 麻醉相關臨床經驗5年以上
3. 麻醉照護受訓證明
4. 護理師證照
5. ACLS證照

工作內容：
1. 協助麻醉醫師臨床全期之照護
2. 主管交辦事項與業務

工作性質：
1. 日班全職，需輪值待命夜班及假日班

工作待遇：
1. 固定基本薪資：50000-60000元/月
2. 浮動津貼
3. 留任獎金：2年50000元；3年80000元","◆ 獎金/禮品類
(1)年終獎金
(2)年節獎金
(3)績效獎金（依職務設定）
(4)簽約獎金
(5)考核獎金

◆ 訓練
(1)進修補助公假
(2)護理師學分課程
(3)BLS、NRP課程
(4)在職教育訓練

◆優惠
(1)員工及其眷屬就醫優待
(2)護理之家入住優惠
(3)員工體檢

◆ 補助金/津貼
(1)生日禮金
(2)旅遊津貼
(3)婚喪津貼
(4)生產生育補助
(5)慰問金
(6)醫事人員公會常年會費補助

◆ 其他
(1)旺年會/抽獎
(2)團體保險

 ※以上福利制度兼職人員部分不同或不適用       "
內湖國泰診所 護理科 護理師,國泰醫療財團法人國泰綜合醫院,"月薪40,100~41,400元","1、具護理師證書 
2、有經驗者尤佳
","本院正職員工享有健全福利制度
1.提供完善的在職教育訓練及國內外各項研習、進修課程機會
2.享有勞保、健保、團保(含眷屬) 
3.年終獎金、端午代金、中秋代金、婚喪禮金
4.子女教育補助費、國內外旅遊補助及康樂社團活動等
5.年終餐會補助、生日贈點商品
6.關係企業商品優惠、企業購屋優惠、企業員工房貸優惠及企業壽險保費優惠
7.員工及眷屬、退休員工就醫優待
8.午餐或晚餐便當費用補助
9.定點交通車接駁服務
10.員工托兒及托嬰服務"
兼職護理師（計時人員）,童綜合醫療社團法人童綜合醫院,時薪250~310元,臨床單位功能業務,"☆獎金/禮品類：
三節禮金(年終獎金、端午、中秋)
生日禮金
績效獎金
資深員工餐會及紀念金飾(或禮金)
退休餐會及退休禮品
童傳盛文教基金會優秀學生獎助學金
 
☆保險類：
勞保
健保
員工團保/意外險
職災保險
 
☆員工福利事項：
員工制服
特休假
員工定期健康檢查
員工免費心理諮商服務
在職專業教育訓練(ICU/專科護理師訓練班、急救訓練、專業能力晉階課程...等)
完善的人才培訓、晉升制度
鼓勵在職進修制度
疫苗施打補助(B肝、水痘、麻疹、德國麻疹...等)
 
☆請/休假制度：
依法規定
特休/年假
 
☆環境設施類：
員工宿舍
員工交通車
員工停車場
美食街
圖書館(與靜宜大學合作，亦可申請開放靜宜大學圖書館借閱權限)
健康促進活動中心:
健身教室:電動跑步機、直立式健身車、心肺交叉訓練機...等多種類健身設備。
影音教室:KTV、多媒體影音教室。
休閒育樂教室:舞蹈教室、綜合教室可提供社團或團體活動使用。
托嬰中心(托育0~3歲幼兒)
 
☆優惠類：
員工及眷屬醫療優惠
員工及員眷健康檢查優惠
院內購物優惠(美食街、星巴克、7-11、康士美、維康、杏一、金石堂書局、丹堤咖啡廳...等)
院外特約商店購物優惠
 
☆禮金及各項補助類：
結婚禮金
生育津貼
社團活動補助
員工旅遊補助
員工、員眷住院慰問金
退休金提撥
喪事奠儀
語言學習獎勵及補助
手機補貼
年終尾牙補助
 
☆其他：
辦理員工健康促進活動：不定期舉辦減重班/減重活動、社團活動（瑜珈班、有氧健身班、羽球、健走...等）。
舉辦單身菁英聯誼活動，照顧單身族群。
定期舉辦員工舒壓課程及親子活動，讓工作與生活平衡。
優質的生活及舒適工作環境：院區內設有圖書館、金石堂書局、星巴克／丹堤咖啡廳、美食街、頂樓旋轉餐廳、社區親子休閒公園、空中花園......等舒適的機能性設施。"
家庭暨社區醫學部社區護理室護理師,振興醫療財團法人振興醫院,"月薪46,500~50,000元","1.辦理社區護理室業務，包含：
1-1.體檢：員工(含新進)體檢、勞工/供膳體檢、機構/護理之家體檢、保險公司體檢。
1-2.健康促進：成人預防保健/BC肝炎篩檢、台北市衛生局老人健檢與婚後孕前檢查、癌
症篩檢、戒菸衛教。
主管交辦事項。

必備之證照：護理師、健檢護理師、戒菸衛教師

試用期滿大學畢月薪46500以上；夜班費、三節獎金、年終獎金及特別獎金另計。
1.請先於人力銀行線上投遞履歷、待初審合格者，會以簡訊連絡。
2.國內學歷應為教育部認可之學校/國外學歷應列於教育部外國大學參考名冊中，另國外學歷(須檢附本國駐外單位驗證之外文畢業證書，並須加附經本國駐外單位、公證等翻譯且認證之中文譯本)。
3.具特殊資歷或經驗，可另商議薪資。","◆ 獎金
1.年終獎金2.三節獎金3.特別獎金4.績效獎金
◆ 保險類
1.勞保2.健保3.員工團保(壽險90萬、意外險400萬及意外醫療2 萬元)4.本院員工/眷屬就醫醫療優待
◆ 休閒類
1.國內旅遊2.國外旅遊補助3.社團活動
◆ 制度類
伙食費
◆ 設備類
1.員工宿舍2.捷運站接駁車3.員工餐廳4.圖書館5.哺乳室
◆ 請 / 休假制度
1.依勞基法規定2.年假/特別休假3.陪產檢及陪產假4.家庭照顧假5.生理假6.育嬰假
◆ 其他
1.員工停車位2.健康檢查3.特約商店
◆ 補助類
1.結婚禮金2.生育津貼3.員工進修補助4.員工教育獎助學金5.子女教育獎助學金6.PayEasy點數"
"月薪42k~70k以上護理部護理人員(工作環境單純氣氛佳,薪資優沃排班人性化)",中英醫療社團法人中英醫院,"月薪42,000~70,000元","本院護理部包括門診.開刀房.加護病房.呼吸照護中心.一般病房.呼吸照護病房等各護理單位

護理人員基本工作職責:
1.提供基本的病患基礎醫藥照顧， 如：包紮傷口、換藥等。 
2.測量並且記錄病患的生理狀態如：體溫、血壓、脈搏和呼吸、進食量、排便狀況 等。 
3.進行靜脈注射、肌肉注射、打點滴，觀察記錄患者給藥之後的狀況並加以回報。 
4.觀察、記錄並回報病人在接受醫療後狀態的改變，特別是一些不尋常的症狀反應，必要時採取救護措施。

護理單位發展遠景：
1.各護理單位均有單位工作津貼,績效獎金,滿床獎金...等
2.人性化排班方式可固定班,鼓勵在職進修可配合排班,夜班領有包班獎金
3.加護病房、呼吸照護中心之重症單位,有提供公費公假暨重症加護護理訓練,人員訓練期滿,領有重症暨加護單位津貼
4.護理人員純白班平均薪資可達42000~45000元/月以上,輪班人員平均薪資可達55000~70000元/月以上
5.每年定期提供公費公假院內外在職教育訓練,供護理人員累積護理教育積分,以利護理人員六年換照
6.外縣市者本院提供員工宿舍可供申請
7.地區醫院護理單位工作環境單純,工作氣氛融洽,團隊合作默契佳!

護理事業成就樂趣：
中英體系包括有醫療機構、長照機構、醫美、健康促進等不同性質單位，為拓展護理人員工作領域及個人職涯延續成長，實施護理人員轉調白班職務的辦法，提供護理人員生涯規劃的不同選擇","獎金福利：加班費、年節獎金、員工生日禮金、年終獎金
休假福利：隔週休二日、男性員工陪產假、育嬰假、生理假、年假
保險福利：勞保、健保、員工體檢
餐飲福利：誤餐費
衣著福利：員工制服
補助福利：員工結婚補助、生育補助、員工在職教育訓練、員工及眷屬喪葬補助
其他福利：員工團保"
總院 麻醉科 麻醉專科護理師,國泰醫療財團法人國泰綜合醫院,"月薪53,200元以上",有簽約金及大小夜班費，加值班費依實際情況給予。,"本院正職員工享有健全福利制度
1.提供完善的在職教育訓練及國內外各項研習、進修課程機會
2.享有勞保、健保、團保(含眷屬) 
3.年終獎金、端午代金、中秋代金、婚喪禮金
4.子女教育補助費、國內外旅遊補助及康樂社團活動等
5.年終餐會補助、生日贈點商品
6.關係企業商品優惠、企業購屋優惠、企業員工房貸優惠及企業壽險保費優惠
7.員工及眷屬、退休員工就醫優待
8.午餐或晚餐便當費用補助
9.定點交通車接駁服務
10.員工托兒及托嬰服務"
放射科護理師(可年後上班),天祥醫院(籌備處),"月薪34,500~40,000元","1.放射護理技術
2.靜脈注射打藥技術
3.小庫系統作業
4.基礎急救能力
5.影像品管作業
6.燒錄拷貝光碟作業
7.放射行政作業","本院近年來不斷為提升員工薪資及福利而努力，希望達到全方位關懷員工及留任優秀人才之目的，我們的福利制度有：
※休假制度：享有比照人事行政局給假天數之最優休假制度。
※三節獎金：包括中秋禮金、端午禮金、年終獎金之發放。
※員工生日禮券。
※護理人員每年發予一雙護士鞋。
※員工停車位或停車補助。
※員工婚喪喜慶禮金。
※員工旅遊活動、社團活動辦理。
※健保、勞保、員工及眷屬喪葬補助、員工撫恤。
※員工在職教育訓練、員工國內外進修補助。
※員工冬夏季制服。
※員工及家屬醫療優待。
※年終聚餐與摸彩。
※特約廠商消費優惠。 

天成醫療事業體系為全體員工打造一個安定、關懷、具前景、富挑戰性之工作環境，歡迎具潛力之精英加入我們的行列。 "
健檢中心/兼職護理師,天主教聖功醫療財團法人聖功醫院,時薪200元,巡迴體檢,
總院 護理部 門診護理人員(大學以上),國泰醫療財團法人國泰綜合醫院,"月薪42,300~44,300元","1、具護理師證書  
2、有經驗者尤佳

月薪內含平均績效，加班費依實際情況給予。","本院正職員工享有健全福利制度
1.提供完善的在職教育訓練及國內外各項研習、進修課程機會
2.享有勞保、健保、團保(含眷屬) 
3.年終獎金、端午代金、中秋代金、婚喪禮金
4.子女教育補助費、國內外旅遊補助及康樂社團活動等
5.年終餐會補助、生日贈點商品
6.關係企業商品優惠、企業購屋優惠、企業員工房貸優惠及企業壽險保費優惠
7.員工及眷屬、退休員工就醫優待
8.午餐或晚餐便當費用補助
9.定點交通車接駁服務
10.員工托兒及托嬰服務"
行銷室-醫療專員,阮綜合醫療社團法人阮綜合醫院,"月薪30,000~35,000元","1. 國際醫療服務業務。
2. 接待國際醫療健診貴賓，負責個案到院健診等相關作業。
3. 國際醫療陪診服務及口譯。
4. 協助個案諮詢療程。
5. 完成主管交辦事務。
6. 需具備英文應對能力：聽、說、讀、寫皆為中等。","福利制度
◆休假制度：
非醫師人員依勞基法實施，採四週變形工時按單位特性排休；特別休假依勞基法規定給予。
◆保險類：
勞保、健保、勞工退休金、團體保險。
◆制度類：
提供員工制服、員工提案獎金、完整的教育訓練。
◆職場友善措施：
圖書館、哺乳室、員工停車場、員工宿舍。
◆健康促進活動：
每年員工健康檢查、員工減重比賽、健康講座、健康促進運動課程、員工社團補助、員工舒壓課程。
◆獎金：
年終獎金、節慶獎金(端午節/中秋節)、春節出勤紅包、特殊單位簽約金、特殊單位績效獎金、特殊單位推薦獎金、進階獎金、年資加給。
◆優惠補助：
在職員工及眷屬就醫優待、退休員工就醫優待、結婚禮金、生育津貼、喪葬奠儀、旅遊補助、員工購物優惠、特約商店優惠、停車獎勵金、在職進修補助。
◆員工出差或派訓：
出差住宿補助、學術論文發表補助。
◆員工團體活動：
尾牙活動和抽獎、不定期電影賞析活動。
◆早鳥方案(護理/藥師)：
護理及藥劑科應屆畢業生持有證照者於5月～8月前至本院就職，另有獎勵方案。"
護理之家護理人員,康寧醫療財團法人康寧醫院,"月薪34,000~55,000元","1.對長輩有同理心,愛心,耐心和關心者
2.管理照服員事務
3.協助長輩處理門急診轉診事宜
4.協助長輩執行身體評估,擬定照護計畫並執行追蹤照護
5.誠實負責
6.執行主管,團隊人員交辦事項
7.非護理性質工作，由照服員執行（如翻身，拍背等）","多元化之福利政策
◆ 獎金福利：生日禮金、年節禮券、年終獎金
◆ 保險類：勞/健/勞退/團保，全職人員且滿一年團保保費全額由院方負擔
◆ 設備類：優於外部租金行情之員工宿舍、員工停車優惠價
◆ 旅遊類：員工旅遊補助
◆ 教育制度：新進人員教育訓練、各職類教育進修訓練費用申請補助
◆ 員工消費折扣：員工及眷屬院內就醫優惠、特約商店購物優惠
◆ 補助金：喪葬、結婚、生育補助、傷病補助
◆ 其他：年度免費員工定期健康檢查、護理人員常年會費補助、提供員工制服。
◆ 各項康樂活動：福委會補助之電影票、健康活動辦理、望年會…等"
1IA2-職業醫學科 個案管理師(定期-職業傷病),中國醫藥大學附設醫院,"月薪36,000~45,000元",負責個案相關管理、通報、追蹤及轉介等事宜,"1、醫療優待。 
2、員工體檢。 
3、三節獎金：端午、中秋、年終獎金。 
4、津貼補助：生日、結婚、生育、疾病、喪葬、急難救助金等。 
5、每月員工慶生會。
6、員工及子女教育補助。 
7、社團補助。 
8、團體意外保險。 
9、特約廠商消費折扣優惠。 
10、不定期禮品發放。
***以上為正職員工福利***"
門診護理人員(不需輪大夜),臺安醫院雙十分院,"月薪33,000~39,000元","1.需具護士或護理師執照
2.需配合假日輪班，具門、急診經驗者佳
3.具內視鏡經驗尤佳
","◆ 獎    金 : 年終獎金/生日禮金/中秋節獎金/端午節獎金/結婚禮金/生育禮金
◆ 保險類 : 勞保/健保/勞退提撥/員工團體保險
◆ 休閒類 : 每年2次國內旅遊/旅遊補助/年終尾牙活動
◆ 制度類 : 員工制服/完整教育訓練
◆ 其    他 : 免費健康檢查/員工及其親屬就醫優待"
1R60-醫學影像部 護理師,中國醫藥大學附設醫院,"月薪37,000~47,000元","1.執行靜脈注射對比劑。
2.協助醫師執行侵入性檢查及病人照護。
3.檢查過程中都能細心、耐心照護病人。","1、醫療優待。 
2、員工體檢。 
3、三節獎金：端午、中秋、年終獎金。 
4、津貼補助：生日、結婚、生育、疾病、喪葬、急難救助金等。 
5、每月員工慶生會。
6、員工及子女教育補助。 
7、社團補助。 
8、團體意外保險。 
9、特約廠商消費折扣優惠。 
10、不定期禮品發放。
***以上為正職員工福利***"
婦產科-門診護理人員,璟馨婦幼醫院,"月薪33,000~50,000元","1.跟診、抽血、注射...等門診事務協助
2.醫療護理衛教
3.協助醫師及醫院其他行政作業",依據「勞動基準法」及有關法令，並參酌醫療工作環境與特性訂定相關之規則。勞保、健保、員工意外險、年終獎金、各項加給及獎勵金。
總院  核子醫學科 護理師,國泰醫療財團法人國泰綜合醫院,"月薪42,400~43,800元",心電圖檢查、注射劑準備、協助檢查、衛教解說及文書業務。,"本院正職員工享有健全福利制度
1.提供完善的在職教育訓練及國內外各項研習、進修課程機會
2.享有勞保、健保、團保(含眷屬) 
3.年終獎金、端午代金、中秋代金、婚喪禮金
4.子女教育補助費、國內外旅遊補助及康樂社團活動等
5.年終餐會補助、生日贈點商品
6.關係企業商品優惠、企業購屋優惠、企業員工房貸優惠及企業壽險保費優惠
7.員工及眷屬、退休員工就醫優待
8.午餐或晚餐便當費用補助
9.定點交通車接駁服務
10.員工托兒及托嬰服務"
生檢室護理師/醫檢師(可年後上班),天祥醫院(籌備處),"月薪32,000~45,000元","1.腦波、肌電圖、頸部超音波
2.胃鏡檢查
3.腸鏡檢查
4.相關鏡檢特殊檢查
5.至少2年腸胃鏡檢查、腦波、肌電圖檢查經驗","本院近年來不斷為提升員工薪資及福利而努力，希望達到全方位關懷員工及留任優秀人才之目的，我們的福利制度有：
※休假制度：享有比照人事行政局給假天數之最優休假制度。
※三節獎金：包括中秋禮金、端午禮金、年終獎金之發放。
※員工生日禮券。
※護理人員每年發予一雙護士鞋。
※員工停車位或停車補助。
※員工婚喪喜慶禮金。
※員工旅遊活動、社團活動辦理。
※健保、勞保、員工及眷屬喪葬補助、員工撫恤。
※員工在職教育訓練、員工國內外進修補助。
※員工冬夏季制服。
※員工及家屬醫療優待。
※年終聚餐與摸彩。
※特約廠商消費優惠。 

天成醫療事業體系為全體員工打造一個安定、關懷、具前景、富挑戰性之工作環境，歡迎具潛力之精英加入我們的行列。 "
總院 護理部  個案管理師,國泰醫療財團法人國泰綜合醫院,"月薪47,500元以上",個案健康管理及衛教諮詢,"本院正職員工享有健全福利制度
1.提供完善的在職教育訓練及國內外各項研習、進修課程機會
2.享有勞保、健保、團保(含眷屬) 
3.年終獎金、端午代金、中秋代金、婚喪禮金
4.子女教育補助費、國內外旅遊補助及康樂社團活動等
5.年終餐會補助、生日贈點商品
6.關係企業商品優惠、企業購屋優惠、企業員工房貸優惠及企業壽險保費優惠
7.員工及眷屬、退休員工就醫優待
8.午餐或晚餐便當費用補助
9.定點交通車接駁服務
10.員工托兒及托嬰服務"
呼吸治療師,陽明醫院(桃園平鎮),待遇面議,"呼吸治療護理工作、負責呼吸照護病房之呼吸器各種照護、各種醫療氣體治療之操作、噴霧或噴藥治療之操作和急救甦醒器之使用與維護

1.具呼吸治療師證書.
2.提供住宿(一個月僅750元)(水電瓦斯須另付喔)
3.需有經驗者佳",勞保、健保  公司旅遊  三節獎金
健康管理中心高階影像醫學科護理師,振興醫療財團法人振興醫院,"月薪39,000~45,000元","執行CT護理師、支援臨床護理工作、耗材管理、顧客服務及主管交辦事項。


1.如要詢問，請於上午八點至下午五點聯絡。
2.國內學歷應為教育部認可之學校/國外學歷應列於教育部外國大學參考名冊中，另國外學歷(須檢附本國駐外單位驗證之外文畢業證書，並須加附經本國駐外單位、公證等翻譯且認證之中文譯本)。
3.具特殊資歷或經驗，可另商議薪資。","◆ 獎金
1.年終獎金2.三節獎金3.特別獎金4.績效獎金
◆ 保險類
1.勞保2.健保3.員工團保(壽險90萬、意外險400萬及意外醫療2 萬元)4.本院員工/眷屬就醫醫療優待
◆ 休閒類
1.國內旅遊2.國外旅遊補助3.社團活動
◆ 制度類
伙食費
◆ 設備類
1.員工宿舍2.捷運站接駁車3.員工餐廳4.圖書館5.哺乳室
◆ 請 / 休假制度
1.依勞基法規定2.年假/特別休假3.陪產檢及陪產假4.家庭照顧假5.生理假6.育嬰假
◆ 其他
1.員工停車位2.健康檢查3.特約商店
◆ 補助類
1.結婚禮金2.生育津貼3.員工進修補助4.員工教育獎助學金5.子女教育獎助學金6.PayEasy點數"
"固定班別彈性排班,時薪優渥護理部病房區兼職護理人員(可配合個人生涯規劃,可長期配合者佳)",中英醫療社團法人中英醫院,時薪200~400元,"本院護理部病房區包括加護病房.呼吸照護中心.一般病房.呼吸照護病房等各護理單位
1.提供基本的病患基礎醫藥照顧， 如：包紮傷口、換藥等。 
2.測量並且記錄病患的生理狀態如：體溫、血壓、脈搏和呼吸、進食量、排便狀況 等。 
3.進行靜脈注射、肌肉注射、打點滴，觀察記錄患者給藥之後的狀況並加以回報。 
4.觀察、記錄並回報病人在接受醫療後狀態的改變，特別是一些不尋常的症狀反應，必要時採取救護措施。
發展遠景：
1.可配合生涯規劃,可固定班別,彈性調整工時
2.彈性工時時薪制+專業證照津貼,時薪優渥,長期配合月薪有保障
3.投保勞健保工作有保障,保障上班時數收入穩定","獎金福利：加班費、年節獎金、員工生日禮金、年終獎金
休假福利：隔週休二日、男性員工陪產假、育嬰假、生理假、年假
保險福利：勞保、健保、員工體檢
餐飲福利：誤餐費
衣著福利：員工制服
補助福利：員工結婚補助、生育補助、員工在職教育訓練、員工及眷屬喪葬補助
其他福利：員工團保"
開刀房(手術室)護理師,童綜合醫療社團法人童綜合醫院,待遇面議,"★條件：
1.開刀房護理相關。
2.具備大學護理師資格。
註：若為專科畢業或為護士執照，學歷本薪及執照津貼有差異。

★工作內容：
1.擔任刷手、流動護理師相關業務。
2.執行手術全期照護。
","☆獎金/禮品類：
三節禮金(年終獎金、端午、中秋)
生日禮金
績效獎金
資深員工餐會及紀念金飾(或禮金)
退休餐會及退休禮品
童傳盛文教基金會優秀學生獎助學金
 
☆保險類：
勞保
健保
員工團保/意外險
職災保險
 
☆員工福利事項：
員工制服
特休假
員工定期健康檢查
員工免費心理諮商服務
在職專業教育訓練(ICU/專科護理師訓練班、急救訓練、專業能力晉階課程...等)
完善的人才培訓、晉升制度
鼓勵在職進修制度
疫苗施打補助(B肝、水痘、麻疹、德國麻疹...等)
 
☆請/休假制度：
依法規定
特休/年假
 
☆環境設施類：
員工宿舍
員工交通車
員工停車場
美食街
圖書館(與靜宜大學合作，亦可申請開放靜宜大學圖書館借閱權限)
健康促進活動中心:
健身教室:電動跑步機、直立式健身車、心肺交叉訓練機...等多種類健身設備。
影音教室:KTV、多媒體影音教室。
休閒育樂教室:舞蹈教室、綜合教室可提供社團或團體活動使用。
托嬰中心(托育0~3歲幼兒)
 
☆優惠類：
員工及眷屬醫療優惠
員工及員眷健康檢查優惠
院內購物優惠(美食街、星巴克、7-11、康士美、維康、杏一、金石堂書局、丹堤咖啡廳...等)
院外特約商店購物優惠
 
☆禮金及各項補助類：
結婚禮金
生育津貼
社團活動補助
員工旅遊補助
員工、員眷住院慰問金
退休金提撥
喪事奠儀
語言學習獎勵及補助
手機補貼
年終尾牙補助
 
☆其他：
辦理員工健康促進活動：不定期舉辦減重班/減重活動、社團活動（瑜珈班、有氧健身班、羽球、健走...等）。
舉辦單身菁英聯誼活動，照顧單身族群。
定期舉辦員工舒壓課程及親子活動，讓工作與生活平衡。
優質的生活及舒適工作環境：院區內設有圖書館、金石堂書局、星巴克／丹堤咖啡廳、美食街、頂樓旋轉餐廳、社區親子休閒公園、空中花園......等舒適的機能性設施。"
汐止分院 護理科 產房 護理師,國泰醫療財團法人國泰綜合醫院,"月薪50,100~63,500元","待產、生產及安胎照護

※工作待遇月薪內含平均績效，另有簽約金及大小夜班費，加值班費依實際情況給予。","本院正職員工享有健全福利制度
1.提供完善的在職教育訓練及國內外各項研習、進修課程機會
2.享有勞保、健保、團保(含眷屬) 
3.年終獎金、端午代金、中秋代金、婚喪禮金
4.子女教育補助費、國內外旅遊補助及康樂社團活動等
5.年終餐會補助、生日贈點商品
6.關係企業商品優惠、企業購屋優惠、企業員工房貸優惠及企業壽險保費優惠
7.員工及眷屬、退休員工就醫優待
8.午餐或晚餐便當費用補助
9.定點交通車接駁服務
10.員工托兒及托嬰服務"
日照中心管理員(社工/護理背景),康寧醫療財團法人康寧醫院,"月薪36,000~40,000元","1.個案管理、電訪、擬定照顧計畫護理指導與諮詢措施、過程及結果成效評值。
2. 領導機構內工作人員, 規劃與推動機構計畫發展與落實。
3.跨單位、跨專業溝通討論。
4.與案家溝通及協調相關行政事務。
5.內部教育訓練。
6.其他主管交辦之事項。
7.具備護理師或社工師執照
","多元化之福利政策
◆ 獎金福利：生日禮金、年節禮券、年終獎金
◆ 保險類：勞/健/勞退/團保，全職人員且滿一年團保保費全額由院方負擔
◆ 設備類：優於外部租金行情之員工宿舍、員工停車優惠價
◆ 旅遊類：員工旅遊補助
◆ 教育制度：新進人員教育訓練、各職類教育進修訓練費用申請補助
◆ 員工消費折扣：員工及眷屬院內就醫優惠、特約商店購物優惠
◆ 補助金：喪葬、結婚、生育補助、傷病補助
◆ 其他：年度免費員工定期健康檢查、護理人員常年會費補助、提供員工制服。
◆ 各項康樂活動：福委會補助之電影票、健康活動辦理、望年會…等"
助產師,協成醫事放射所,"月薪45,000~130,000元","1.須具備助產師或助產士執照。
工作內容:執行乳攝車子宮頸抹片業務。

2.培訓子宮頸抹片採檢技能。
3.具備溝通協調能力,工作熱忱,富有團隊精神。
4.有業績獎金（抽成高、薪優）、淡季有保底薪資。
抹片單場落在55-110人之間
由於會搭配我們的體檢隊和乳攝團隊，所以要抹的量比較多。
5.三節獎金、員工旅遊。
6.巡迴車內空間舒服，裝潢的很不錯。","個人福利！
1.交通津貼、
2.醫療保障、定期健康檢查
3.員工旅行、聚餐、慶生，尾牙
4.彈性休假、育嬰假、春節假期
5.績效獎金，年終，三節，生日禮金
6.部門聚餐，部門旅遊
"
